day,policy,health,svi,eff_tss,flagged_frac,energy_kwh
0,none,0.92,100.8,8.719999999999999,0.3333333333333333,1040.0
1,none,0.92,100.8,8.719999999999999,0.26666666666666666,1040.0
2,none,0.92,100.8,8.719999999999999,0.36666666666666664,1040.0
3,none,0.92,100.8,8.719999999999999,0.3333333333333333,1040.0
4,none,0.92,100.8,8.719999999999999,0.16666666666666666,1040.0
5,none,0.92,100.8,8.719999999999999,0.43333333333333335,1040.0
6,none,0.92,100.8,8.719999999999999,0.3333333333333333,1040.0
7,none,0.92,100.8,8.719999999999999,0.3333333333333333,1040.0
8,none,0.92,100.8,8.719999999999999,0.2,1040.0
9,none,0.92,100.8,8.719999999999999,0.26666666666666666,1040.0
10,none,0.92,100.8,8.719999999999999,0.23333333333333334,1040.0
11,none,0.92,100.8,8.719999999999999,0.4,1040.0
12,none,0.92,100.8,8.719999999999999,0.3,1040.0
13,none,0.92,100.8,8.719999999999999,0.36666666666666664,1040.0
14,none,0.92,100.8,8.719999999999999,0.26666666666666666,1040.0
15,none,0.92,100.8,8.719999999999999,0.2,1040.0
16,none,0.92,100.8,8.719999999999999,0.3,1040.0
17,none,0.92,100.8,8.719999999999999,0.16666666666666666,1040.0
18,none,0.92,100.8,8.719999999999999,0.36666666666666664,1040.0
19,none,0.92,100.8,8.719999999999999,0.3,1040.0
20,none,0.8600000000000001,102.82499999999999,9.229999999999999,0.36666666666666664,1047.4999999999998
21,none,0.8024,106.794,10.229599999999998,0.3,1062.2
22,none,0.747104,112.62924,11.699216,0.5333333333333333,1083.812
23,none,0.6940198399999999,120.2560704,13.620047359999997,0.5,1112.0595199999998
24,none,0.6430590463999999,127.577827584,15.464045465600002,0.4666666666666667,1139.1771392
25,none,0.5941366845439998,134.60671448064,17.234283646976003,0.3333333333333333,1165.210053632
26,none,0.5471712171622399,141.3544459014144,18.933712301096968,0.43333333333333335,1190.2016514867203
27,none,0.5020843684757503,147.83226806535782,20.565163809053086,0.3,1214.1935854272513
28,none,0.45880099373672034,154.05097734274352,22.374415897255574,0.4,1253.4297513811352
29,none,0.41724895398725154,160.0209382490338,24.23615926136535,0.5333333333333333,1299.42056132589
30,none,0.3773589958277615,165.75210071907242,26.023432890910737,0.4666666666666667,1343.5717388728542
31,none,0.33906463599465103,171.25401669030953,27.739215575274304,0.36666666666666664,1385.9568693179401
32,none,0.302302050554865,176.53585602269715,29.386366952263334,0.6,1426.6465945452226
33,none,0.2670099685326704,181.60642178178927,30.967632274172797,0.6,1465.7087307634135
34,none,0.23312956979136357,186.4741649105177,32.48564698320589,0.6,1503.2083815328772
35,none,0.33110976873934994,186.7426416803841,32.56937196106793,0.6,1505.2766470192553
36,none,0.4065545219292995,183.22412077149693,31.472114699852007,0.6,1478.1710044619024
37,none,0.4646469818855606,176.5538715708369,29.39198513431284,0.4666666666666667,1426.7853809901508
38,none,0.5693781760518817,165.2054811095444,25.852968553420887,0.36666666666666664,1339.360743362416
39,none,0.6500211955599489,154.44222045434918,22.496425786134083,0.43333333333333335,1256.4437723890603
40,none,0.7121163205811606,144.1295097498489,19.63261727033231,0.36666666666666664,1200.479665740181
41,none,0.7599295668474937,134.16372250738362,17.122715298155878,0.43333333333333335,1163.5693426199393
42,none,0.7967457664725701,126.49006633068541,15.190090779580027,0.36666666666666664,1135.1483938173535
43,none,0.825094240183879,120.58135107462778,13.701969900276623,0.26666666666666666,1113.2642632393622
44,none,0.8469225649415868,116.03164032746338,12.556116823213,0.4,1096.4134826943089
45,none,0.8637303750050218,112.5283630521468,11.673809953874011,0.36666666666666664,1083.4383816746179
46,none,0.8766723887538668,109.83083955015303,10.994433664482987,0.26666666666666666,1073.4475538894558
47,none,0.8866377393404774,107.75374645361785,10.471313921651902,0.23333333333333334,1065.754616494881
48,none,0.8943110592921676,106.15438476928574,10.068511719671966,0.3333333333333333,1059.8310547010583
49,none,0.900219515654969,104.92287627235002,9.758354024147414,0.2,1055.2699121198148
50,none,0.9047690270543262,103.97461472970951,9.519532598593507,0.2,1051.7578323322573
51,none,0.9082721508318311,103.24445334187632,9.335640100917,0.1,1049.053530895838
52,none,0.91096955614051,102.68222907324478,9.194042877706092,0.3333333333333333,1046.9712187897956
53,none,0.9130465582281927,102.24931638639848,9.085013015833692,0.3,1045.3678384681427
54,none,0.9146458498357084,101.91597361752684,9.001060022191945,0.3333333333333333,1044.1332356204698
55,none,0.9158773043734955,101.65929968549565,8.936416217087796,0.3333333333333333,1043.1825914277617
56,none,0.9168255243675915,101.46166075783165,8.886640487157603,0.26666666666666666,1042.4505953993767
57,none,0.9175556537630455,101.30947878353037,8.848313175111352,0.3,1041.88695845752
58,none,0.918117853397545,101.19229866331838,8.818801144835742,0.2,1041.4529580122905
59,none,0.9185507471161097,101.10206997075515,8.79607688152352,0.16666666666666666,1041.1187776694635
60,none,0.9188840752794045,101.03259387748145,8.778579198773107,0.3,1040.861458805487
61,none,0.9191407379651415,100.97909728566071,8.765105983055292,0.26666666666666666,1040.6633232802249
62,none,0.919338368233159,100.93790490995875,8.754731606952575,0.3,1040.5107589257732
63,none,0.9194905435395324,100.90618678066822,8.746743337353479,0.3333333333333333,1040.393284372845
64,none,0.91960771852544,100.88176382111455,8.740592369762183,0.3,1040.302828967091
65,none,0.9196979432645888,100.86295814225818,8.735856124716875,0.3,1040.23317830466
66,none,0.9197674163137334,100.8484777695388,8.732209216031995,0.3,1040.179547294588
67,none,0.9198209105615747,100.83732788254488,8.729401096344638,0.23333333333333334,1040.1382514168329
68,none,0.9198621011324125,100.82874246955957,8.727238844185374,0.13333333333333333,1040.1064535909613
69,none,0.9198938178719577,100.82213170156086,8.725573910022735,0.26666666666666666,1040.0819692650402
70,none,0.9199182397614074,100.81704141020187,8.724291910717508,0.2,1040.063116334081
71,none,0.9199370446162837,100.81312188585542,8.72330477125248,0.26666666666666666,1040.0485995772424
72,none,0.9199515243545384,100.8101038521087,8.722544673864412,0.36666666666666664,1040.0374216744765
73,none,0.9199626737529946,100.80777996612368,8.721959398875592,0.23333333333333334,1040.028814689347
74,none,0.9199712587898058,100.80599057391524,8.721508737134206,0.16666666666666666,1040.022187310797
75,none,0.9199778692681505,100.80461274191474,8.72116172759334,0.23333333333333334,1040.017084229314
76,none,0.9199829593364759,100.80355181127435,8.720894530246872,0.23333333333333334,1040.0131548565716
77,none,0.9199868786890865,100.80273489468124,8.72068878829009,0.3,1040.01012923956
78,none,0.9199898965905966,100.80210586890456,8.72053036698337,0.3,1040.0077995144613
79,none,0.9199922203747594,100.80162151905651,8.720408382577194,0.3333333333333333,1040.006005626135
80,none,0.9199940096885647,100.8012485696735,8.72031445458444,0.3,1040.0046243321242
81,none,0.9199953874601948,100.80096139864861,8.72024213003002,0.26666666666666666,1040.0035607357356
82,none,0.91999644834435,100.80074027695943,8.720186440123117,0.36666666666666664,1040.0027417665165
83,none,0.9199972652251496,100.80057001325875,8.720143558894794,0.2,1040.0021111602175
84,none,0.9199978942233652,100.80043891020924,8.720110540348994,0.13333333333333333,1040.0016255933674
85,none,0.9199983785519912,100.80033796086111,8.720085116068724,0.16666666666666666,1040.001251706893
86,none,0.9199987514850332,100.80026022986306,8.720065539372918,0.3333333333333333,1040.0009638143074
87,none,0.9199990386434755,100.80020037699455,8.720050465317147,0.26666666666666666,1040.0007421370167
88,none,0.9199992597554761,100.80015429028582,8.720038858294204,0.2,1040.000571445503
89,none,0.9199994300117167,100.80011880352008,8.720029920886539,0.26666666666666666,1040.0004400130374
0,ad,0.92,100.8,8.719999999999999,0.3333333333333333,1040.0
1,ad,0.92,100.8,8.719999999999999,0.26666666666666666,1040.0
2,ad,0.92,100.8,8.719999999999999,0.36666666666666664,1040.0
3,ad,0.92,100.8,8.719999999999999,0.3333333333333333,1040.0
4,ad,0.92,100.8,8.719999999999999,0.16666666666666666,1040.0
5,ad,0.92,100.8,8.719999999999999,0.43333333333333335,1040.0
6,ad,0.92,100.8,8.719999999999999,0.3333333333333333,1040.0
7,ad,0.92,100.8,8.719999999999999,0.3333333333333333,1040.0
8,ad,0.92,100.8,8.719999999999999,0.2,1040.0
9,ad,0.92,100.8,8.719999999999999,0.26666666666666666,1040.0
10,ad,0.92,100.8,8.719999999999999,0.23333333333333334,1040.0
11,ad,0.92,100.8,8.719999999999999,0.4,1040.0
12,ad,0.92,100.8,8.719999999999999,0.3,1040.0
13,ad,0.92,100.8,8.719999999999999,0.36666666666666664,1040.0
14,ad,0.92,100.8,8.719999999999999,0.26666666666666666,1040.0
15,ad,0.92,100.8,8.719999999999999,0.2,1040.0
16,ad,0.92,100.8,8.719999999999999,0.3,1040.0
17,ad,0.92,100.8,8.719999999999999,0.16666666666666666,1040.0
18,ad,0.92,100.8,8.719999999999999,0.36666666666666664,1040.0
19,ad,0.92,100.8,8.719999999999999,0.3,1040.0
20,ad,0.8600000000000001,102.82499999999999,9.229999999999999,0.36666666666666664,1047.4999999999998
21,ad,0.8024,106.794,10.229599999999998,0.3,1062.2
22,ad,0.747104,112.62924,11.699216,0.5333333333333333,1083.812
23,ad,0.6940198399999999,120.2560704,13.620047359999997,0.5,1112.0595199999998
24,ad,0.6430590463999999,127.577827584,15.464045465600002,0.4666666666666667,1139.1771392
25,ad,0.6467554657279999,132.83083061568001,16.787024006912002,0.3333333333333333,1158.632705984
26,ad,0.6496017086105599,136.12153295007363,17.615793483722243,0.4,1170.82049240768
27,ad,0.6517933156301311,137.5466781475567,17.974718940866126,0.23333333333333334,1176.0988079539136
28,ad,0.653480853035201,137.19494217361864,17.88613358446692,0.3,1174.7960821245135
29,ad,0.6547802568371047,136.92410547368635,17.817922860039527,0.43333333333333335,1173.7929832358752
30,ad,0.6557807977645707,136.7155612147385,17.76540060223044,0.4666666666666667,1173.020597091624
31,ad,0.6565512142787193,136.55498213534864,17.724958463717435,0.5666666666666667,1172.4258597605506
32,ad,0.6571444349946138,136.43133624421844,17.693818017062426,0.36666666666666664,1171.9679120156238
33,ad,0.6576012149458527,136.3361289080482,17.66983987313807,0.36666666666666664,1171.6152922520305
34,ad,0.6579529355083066,136.26281925919713,17.651376702316313,0.4,1171.3437750340634
35,ad,0.6582237603413962,136.20637082958177,17.63716006078356,0.3,1171.1347067762288
36,ad,0.6584322954628752,136.16290553877798,17.62621324680334,0.3,1170.9737242176961
37,ad,0.6585928675064139,136.12943726485904,17.61778420003857,0.4,1170.8497676476259
38,ad,0.7187165079799387,134.07866669394144,17.101293834029697,0.3,1163.254321088672
39,ad,0.7650117111445528,130.4745733543349,16.193596252202866,0.36666666666666664,1149.9058272382774
40,ad,0.8006590175813056,125.67442148283787,14.984669114196205,0.3,1132.1274869734737
41,ad,0.8281074435376053,119.95330454178516,13.543795217931077,0.4,1110.9381649695747
42,ad,0.8492427315239561,115.54804449717459,12.434322317806934,0.36666666666666664,1094.6223870265726
43,ad,0.8655169032734462,112.15599426282442,11.580028184711336,0.26666666666666666,1082.0592380104608
44,ad,0.8780480155205536,109.54411558237481,10.92222170222773,0.36666666666666664,1072.3856132680548
45,ad,0.8876969719508262,107.5329689984286,10.415710710715352,0.36666666666666664,1064.9369222164023
46,ad,0.8951266684021362,105.98438612879004,10.025697247250823,0.26666666666666666,1059.2014301066297
47,ad,0.9008475346696448,104.79197731916834,9.725386880383137,0.23333333333333334,1054.785101182105
48,ad,0.9052526016956265,103.87382253575961,9.494147897895015,0.3333333333333333,1051.3845279102206
49,ad,0.9086445033056324,103.1668433525349,9.31609388137916,0.2,1048.76608649087
50,ad,0.911256267545337,102.62246938145188,9.178992288661954,0.2,1046.7498865979699
51,ad,0.9132673260099095,102.20330142371793,9.073424062269703,0.1,1045.1974126804369
52,ad,0.9148158410276302,101.88054209626281,8.992136527947673,0.3333333333333333,1044.0020077639365
53,ad,0.9160081975912753,101.63201741412237,8.929545126519708,0.3,1043.081545978231
54,ad,0.916926312145282,101.44065340887421,8.881349747420172,0.3333333333333333,1042.3727904032378
55,ad,0.9176332603518671,101.29330312483316,8.844239305513536,0.3333333333333333,1041.8270486104932
56,ad,0.9181776104709377,101.17984340612153,8.815664265245422,0.26666666666666666,1041.4068274300798
57,ad,0.918596760062622,101.09247942271358,8.793661484238974,0.3,1041.0832571211615
58,ad,0.918919505248219,101.02520915548945,8.776719342864007,0.2,1040.8341079832942
59,ad,0.9191680190411287,100.97341104972688,8.763673894005288,0.16666666666666666,1040.6422631471366
60,ad,0.9193593746616691,100.9335265082897,8.753628898384076,0.3,1040.4945426232953
61,ad,0.9195067184894852,100.90281541138307,8.745894251755736,0.26666666666666666,1040.3807978199372
62,ad,0.9196201732369036,100.87916786676496,8.739938573851916,0.3,1040.2932143213518
63,ad,0.9197075333924157,100.86095925740901,8.735352701865974,0.3333333333333333,1040.225775027441
64,ad,0.9197748007121601,100.84693862820495,8.731821580436803,0.3,1040.1738467711295
65,ad,0.9198265965483633,100.83614274371782,8.729102616936338,0.3,1040.1338620137697
66,ad,0.9198664793422398,100.82782991266271,8.727009015040979,0.3,1040.1030737506028
67,ad,0.9198971890935246,100.82142903275029,8.725396941581554,0.23333333333333334,1040.0793667879639
68,ad,0.919920835602014,100.81650035521771,8.724155645017795,0.13333333333333333,1040.0611124267323
69,ad,0.9199390434135508,100.81270527351765,8.723199846663704,0.26666666666666666,1040.047056568584
70,ad,0.9199530634284342,100.80978306060858,8.722463881931048,0.2,1040.0362335578095
71,ad,0.9199638588398943,100.8075329566686,8.721897189086906,0.26666666666666666,1040.0278998395133
72,ad,0.9199721713067186,100.80580037663482,8.721460835596918,0.36666666666666664,1040.0214828764254
73,ad,0.9199785719061734,100.8044662900088,8.721124843409626,0.23333333333333334,1040.0165418148474
74,ad,0.9199835003677536,100.80343904330677,8.720866129425408,0.16666666666666666,1040.0127371974324
75,ad,0.9199872952831702,100.80264806334621,8.720666919657564,0.23333333333333334,1040.009807642023
76,ad,0.9199902173680411,100.80203900877657,8.720513528136323,0.23333333333333334,1040.0075518843578
77,ad,0.9199924673733917,100.80157003675797,8.720395416664967,0.3,1040.0058149509555
78,ad,0.9199941998775116,100.80120892830364,8.720304470832026,0.3,1040.0044775122358
79,ad,0.919995533905684,100.80093087479379,8.720234442540658,0.3333333333333333,1040.0034476844216
80,ad,0.9199965611073767,100.8007167735912,8.720180520756305,0.3,1040.0026547170046
81,ad,0.9199973520526801,100.80055191566522,8.720139000982352,0.26666666666666666,1040.0020441320935
82,ad,0.9199979610805636,100.80042497506223,8.720107030756413,0.36666666666666664,1040.001573981712
83,ad,0.919998430032034,100.80032723079792,8.720082413682439,0.2,1040.0012119659184
84,ad,0.9199987911246662,100.80025196771439,8.720063458535474,0.13333333333333333,1040.000933213757
85,ad,0.9199990691659929,100.80019401514008,8.720048863072314,0.16666666666666666,1040.0007185745928
86,ad,0.9199992832578145,100.80014939165787,8.720037624565688,0.3333333333333333,1040.0005533024366
87,ad,0.9199994481085172,100.80011503157655,8.720028970915576,0.26666666666666666,1040.0004260428761
88,ad,0.9199995750435582,100.80008857431395,8.720022307604994,0.2,1040.0003280530145
89,ad,0.9199996727835399,100.80006820222175,8.720017176855848,0.26666666666666666,1040.000252600821
